id;code;nom_complet;photo_url;date_naissance;lieu_naissance;nationalite;genre;fonction;telephone_principal;whatsapp;email;adresse_personnelle;adresses_livraison;created_at;updated_at
1;"TN5IT";ha commis corps enseignant;sus autant;2025-09-22;énumérer combler si bien que;après que;de par;quant à;"+528258194833";avant;Achille39@gmail.com;moins;à l'insu de minuscule;2025-09-21T21:35:28;2025-09-21T21:07:48
2;"8SGJ";naguère malgré athlète;sans doute diététiste lectorat;2025-09-22;athlète;au point que sauter suivant;hurler chut dense;carrément;"+2597951241381";tchou tchouu circulaire conseil municipal;Guerin.Perez77@gmail.com;parlementaire aujourd'hui;parmi tant de la part de;2025-09-22T19:56:52;2025-09-22T00:58:14
3;"92US08B0J";ha timide électorat;jadis;2025-09-22;deviner jadis quand;passablement;responsable;de façon que à condition que membre de l’équipe;"+621614312273";camarade;Angilberte_Guyot58@hotmail.fr;davantage;contraindre;2025-09-21T23:41:55;2025-09-22T16:17:30
4;"UH36AER";désormais sombre;secours;2025-09-22;super vraisemblablement prout;porte-parole là deçà;patientèle aujourd'hui de peur que;gestionnaire sédentaire en guise de;"+9715185729925";touchant;Ariane81@hotmail.fr;arrière adepte;de;2025-09-21T23:07:13;2025-09-22T12:00:41
5;"OCHM";derrière responsable insolite;d’autant que;2025-09-22;direction tousser;sur;innombrable;vivace personnel;"+992792881550";vraisemblablement touriste;Isabelle_Bonnet57@yahoo.fr;certes horrible;actionnaire téméraire;2025-09-22T03:58:00;2025-09-22T06:33:33
6;"LJD73";sitôt que sauvage;étant donné que;2025-09-22;avant de;smack;si bien que vu que;pendant hors de;"+550275683589311";par rapport à;Aminte_Collet@yahoo.fr;de façon que battre;de façon à tant que;2025-09-22T19:30:35;2025-09-22T12:40:36
7;"XL6P";rapide hurler;voir arrière là;2025-09-22;pin-pon;à partir de foule avex;quand vers désormais;après-demain contre;"+645255714807377";attacher;Nadine_Renaud49@gmail.com;malgré cyan ouin;quant à;2025-09-21T23:55:03;2025-09-22T20:27:27
8;"AFRIZ";de sorte que biathlète;agréable décrocher;2025-09-22;loin;durant pour que;autrement;atchoum;"+57463220178";assimiler commis de cuisine;Jeannot16@gmail.com;puisque;corps enseignant via diplomate;2025-09-22T04:45:18;2025-09-22T17:15:48
9;"WFE4";calculer téméraire;sauf d'entre;2025-09-22;presque pourvoir moyennant;snob;parce que;sur débile;"+0996999375289";hystérique;Sigebert_Carre@gmail.com;parlementaire propre conduire;sauf à de manière à ce que;2025-09-22T18:57:16;2025-09-22T15:03:21
10;"APXIQ72E5";hirsute tantôt paf;dès que;2025-09-22;incognito discuter avex;dorénavant volontiers;dans la mesure où;paf;"+82268675";plic enterrer;Achille38@hotmail.fr;cuicui charitable;tantôt;2025-09-22T00:21:54;2025-09-22T17:56:54
