id;plateforme;url_profil;username;type;client_id
1;SNAPCHAT;tant que;gai groin groin;solliciter triathlète badaboum;1
2;SNAPCHAT;loufoque incalculable;pff dans la mesure où;ouf;2
3;INSTAGRAM;en face de parlementaire dense;pendant que déchiffrer sale;ordonner circulaire;3
4;TELEGRAM;toutefois;sympathique au défaut de favoriser;vlan égoïste guide;4
5;LINKEDIN;vers comme si;premièrement;administration allumer;5
6;WHATSAPP;sitôt que sourire;durant triathlète toc-toc;hi lentement;6
7;TELEGRAM;à demi lorsque;par suite de considérable électorat;à peine ah au point que;7
8;YOUTUBE;tourner;lors vétuste oups;ronron probablement;8
9;INSTAGRAM;remplacer;dense;supprimer avant;9
10;INSTAGRAM;grrr;par;égoïste au dépens de;10
